{"class_label": ["Apple", "Banana", "beetroot"], "description": "model for [apple,banana,beetroot] with data augmentation and with transfer learning and with 100,100,100 data", "score": {"confusion_matrix": [[54, 1, 0], [3, 49, 4], [1, 0, 7]], "f1_score": [0.9557522123893805, 0.9245283018867924, 0.7368421052631579], "precision_score": [0.9310344827586207, 0.98, 0.6363636363636364], "recall_score": [0.9818181818181818, 0.875, 0.875], "accuracy": 0.9243697478991597}}
