{"class_label": ["Banana", "beetroot", "Apple"], "description": "model for [apple,banana,beetroot] with data augmentation and without transfer learning and with imbalanced data of 500,500,500", "score": {"confusion_matrix": [[15, 39, 1], [2, 54, 0], [2, 6, 0]], "f1_score": [0.4054054054054054, 0.6967741935483871, 0.0], "precision_score": [0.7894736842105263, 0.5454545454545454, 0.0], "recall_score": [0.2727272727272727, 0.9642857142857143, 0.0], "accuracy": 0.5798319327731093}}