{"class_label": ["Banana", "Apple", "beetroot"], "description": "model for [apple,banana,beetroot] with data augmentation and with transfer learning and with 100,100,100 data", "score": {"confusion_matrix": [[53, 0, 2], [1, 55, 0], [1, 0, 7]], "f1_score": [0.9636363636363636, 0.9909909909909909, 0.823529411764706], "precision_score": [0.9636363636363636, 1.0, 0.7777777777777778], "recall_score": [0.9636363636363636, 0.9821428571428571, 0.875], "accuracy": 0.9663865546218487}}